{
    "rmse": 0.8053217718940313,
    "mae": 0.6585649557877244,
    "r2": 0.007593968772068971
}